measure,mean,median,sd,q1,q3,iqr,p10,p90,min,max,skew
Length of stay (days),4.27,3.0,2.93,2.0,6.0,4.0,1.0,8.0,1,14,1.18
Lab procedures,42.88,44.0,19.89,31.0,57.0,26.0,13.0,67.0,1,132,-0.22
Other procedures,1.43,1.0,1.76,0.0,2.0,2.0,0.0,4.0,0,6,1.23
Medications,15.67,14.0,8.29,10.0,20.0,10.0,7.0,26.0,1,81,1.43
Diagnoses recorded,7.22,8.0,2.0,6.0,9.0,3.0,4.0,9.0,1,16,-0.72
"Inpatient stays, prior year",0.18,0.0,0.6,0.0,0.0,0.0,0.0,1.0,0,12,5.59
"Emergency visits, prior year",0.1,0.0,0.51,0.0,0.0,0.0,0.0,0.0,0,42,21.23
"Outpatient visits, prior year",0.28,0.0,1.06,0.0,0.0,0.0,0.0,1.0,0,42,9.7
Age (band midpoint),65.44,65.0,15.97,55.0,75.0,20.0,45.0,85.0,5,95,-0.63
