feature,coef,odds_ratio,ci_low,ci_high,p_value
discharge group Other inpatient or rehab,1.0837,2.9556,2.6591,3.2852,0.0
discharge group Nursing facility,0.5612,1.7529,1.5914,1.9307,0.0
discharge group Left against advice,0.4382,1.5499,1.0382,2.3139,0.0321
discharge group Other or unknown,0.3978,1.4885,1.2787,1.7328,0.0
discharge group Home with home health,0.2353,1.2652,1.1421,1.4017,0.0
diabetesMed Yes,0.2077,1.2309,1.1187,1.3543,0.0
number inpatient,0.2042,1.2266,1.1989,1.2549,0.0
admission source group Referral,0.097,1.1019,0.9888,1.2279,0.0791
admission type Emergency,0.0849,1.0886,0.9573,1.238,0.1956
time in hospital,0.077,1.08,1.0409,1.1206,0.0
age mid,0.0649,1.067,1.0281,1.1074,0.0006
admission type Urgent,0.0499,1.0511,0.9388,1.1769,0.3873
number emergency,0.0484,1.0496,1.0244,1.0754,0.0001
number diagnoses,0.0461,1.0471,1.0094,1.0863,0.014
admission type Other or unknown,0.0386,1.0393,0.8901,1.2136,0.6257
admission source group Other or unknown,0.032,1.0326,0.8733,1.2208,0.7076
num lab procedures,0.032,1.0325,0.9948,1.0717,0.0919
med changes,0.0318,1.0323,0.976,1.0919,0.2661
gender Male,0.0064,1.0064,0.9442,1.0726,0.8447
number outpatient,0.0022,1.0022,0.9729,1.0324,0.8825
num medications,-0.0117,0.9884,0.9482,1.0303,0.582
num procedures,-0.0127,0.9873,0.9508,1.0253,0.508
primary diagnosis group Diabetes,-0.0246,0.9757,0.8577,1.11,0.7084
a1c tested,-0.0457,0.9553,0.9232,0.9887,0.009
insulin No,-0.0507,0.9506,0.812,1.1128,0.5285
primary diagnosis group Neoplasms,-0.0621,0.9398,0.7865,1.1229,0.494
insulin Steady,-0.0648,0.9373,0.8008,1.097,0.4195
primary diagnosis group Genitourinary,-0.1067,0.8988,0.7703,1.0487,0.175
primary diagnosis group Injury,-0.1082,0.8975,0.7901,1.0194,0.096
insulin Up,-0.1144,0.8919,0.7811,1.0184,0.091
primary diagnosis group Digestive,-0.1173,0.8893,0.7859,1.0063,0.0629
admission source group Transfer,-0.1368,0.8721,0.7581,1.0033,0.0556
primary diagnosis group Other,-0.1582,0.8537,0.7727,0.9432,0.0019
primary diagnosis group Musculoskeletal,-0.2435,0.7839,0.672,0.9144,0.0019
primary diagnosis group Respiratory,-0.2571,0.7733,0.6922,0.864,0.0
