group,group_by,patients,readmitted,rate,ci_low,ci_high
0 to 10,age_band,153,3,0.0196,0.0067,0.0561
10 to 20,age_band,534,26,0.0487,0.0334,0.0704
20 to 30,age_band,1121,83,0.074,0.0601,0.0909
30 to 40,age_band,2692,188,0.0698,0.0608,0.0801
40 to 50,age_band,6828,506,0.0741,0.0681,0.0806
50 to 60,age_band,12351,880,0.0712,0.0668,0.0759
60 to 70,age_band,15688,1415,0.0902,0.0858,0.0948
70 to 80,age_band,17749,1817,0.1024,0.098,0.1069
80 to 90,age_band,11110,1199,0.1079,0.1023,0.1138
90 to 100,age_band,1761,168,0.0954,0.0825,0.11
Home,discharge_group,44320,3079,0.0695,0.0671,0.0719
Home with home health,discharge_group,8364,798,0.0954,0.0893,0.1019
Left against advice,discharge_group,409,39,0.0954,0.0705,0.1277
Nursing facility,discharge_group,9357,1237,0.1322,0.1255,0.1392
Other inpatient or rehab,discharge_group,4285,833,0.1944,0.1828,0.2065
Other or unknown,discharge_group,3252,299,0.0919,0.0825,0.1024
0,prior_inpatient,61792,5023,0.0813,0.0792,0.0835
1,prior_inpatient,5798,747,0.1288,0.1205,0.1377
2,prior_inpatient,1501,278,0.1852,0.1664,0.2057
3,prior_inpatient,463,110,0.2376,0.2011,0.2784
4 or more,prior_inpatient,433,127,0.2933,0.2524,0.3379
Circulatory,primary_diagnosis_group,21389,2070,0.0968,0.0929,0.1008
Diabetes,primary_diagnosis_group,5748,524,0.0912,0.084,0.0989
Digestive,primary_diagnosis_group,6488,520,0.0801,0.0738,0.087
Genitourinary,primary_diagnosis_group,3441,309,0.0898,0.0807,0.0998
Injury,primary_diagnosis_group,4694,507,0.108,0.0994,0.1172
Missing,primary_diagnosis_group,10,2,0.2,0.0567,0.5098
Musculoskeletal,primary_diagnosis_group,4064,341,0.0839,0.0758,0.0928
Neoplasms,primary_diagnosis_group,2538,230,0.0906,0.0801,0.1024
Other,primary_diagnosis_group,12124,1089,0.0898,0.0849,0.095
Respiratory,primary_diagnosis_group,9491,693,0.073,0.068,0.0784
Emergency room,admission_source_group,37271,3452,0.0926,0.0897,0.0956
Other or unknown,admission_source_group,5084,452,0.0889,0.0814,0.097
Referral,admission_source_group,22792,1973,0.0866,0.083,0.0903
Transfer,admission_source_group,4840,408,0.0843,0.0768,0.0925
Not tested,a1c_status,57141,5206,0.0911,0.0888,0.0935
Tested,a1c_status,12846,1079,0.084,0.0793,0.0889
1 to 2 days,los_band,22651,1621,0.0716,0.0683,0.075
3 to 4 days,los_band,21916,1861,0.0849,0.0813,0.0887
5 to 7 days,los_band,15652,1651,0.1055,0.1008,0.1104
8 to 14 days,los_band,9768,1152,0.1179,0.1117,0.1245
