,Length of stay,Lab procedures,Other procedures,Medications,Diagnoses,Prior inpatient stays,Prior emergency visits,Prior outpatient visits,Age,30-day readmission
Length of stay,1.0,0.347,0.179,0.464,0.249,0.068,-0.004,-0.022,0.139,0.06
Lab procedures,0.347,1.0,0.004,0.24,0.167,0.082,0.018,-0.023,0.031,0.032
Other procedures,0.179,0.004,1.0,0.371,0.074,-0.009,-0.036,-0.012,-0.051,0.003
Medications,0.464,0.24,0.371,1.0,0.292,0.064,0.024,0.052,0.045,0.042
Diagnoses,0.249,0.167,0.074,0.292,1.0,0.081,0.072,0.09,0.206,0.043
Prior inpatient stays,0.068,0.082,-0.009,0.064,0.081,1.0,0.137,0.095,0.034,0.085
Prior emergency visits,-0.004,0.018,-0.036,0.024,0.072,0.137,1.0,0.146,-0.031,0.03
Prior outpatient visits,-0.022,-0.023,-0.012,0.052,0.09,0.095,0.146,1.0,0.028,0.016
Age,0.139,0.031,-0.051,0.045,0.206,0.034,-0.031,0.028,1.0,0.048
30-day readmission,0.06,0.032,0.003,0.042,0.043,0.085,0.03,0.016,0.048,1.0
