age_group,requested_capacity_pct,test_patients,flagged,captured_readmissions,missed_readmissions,precision,recall,risk_threshold
All ages,5,20997,1050,249,1637,0.237143,0.132025,0.18104
All ages,10,20997,2100,421,1465,0.200476,0.223224,0.145588
All ages,15,20997,3150,562,1324,0.178413,0.297985,0.125517
All ages,20,20997,4200,699,1187,0.166429,0.370626,0.112676
All ages,25,20997,5250,827,1059,0.157524,0.438494,0.103093
All ages,30,20997,6299,939,947,0.149071,0.497879,0.094742
All ages,35,20997,7349,1034,852,0.140699,0.54825,0.087646
All ages,40,20997,8399,1122,764,0.133587,0.59491,0.082101
All ages,45,20997,9449,1208,678,0.127844,0.640509,0.077923
All ages,50,20997,10499,1275,611,0.12144,0.676034,0.074589
Under 60,5,7055,186,45,447,0.241935,0.091463,0.18104
Under 60,10,7055,386,84,408,0.217617,0.170732,0.145588
Under 60,15,7055,536,107,385,0.199627,0.21748,0.125517
Under 60,20,7055,683,135,357,0.197657,0.27439,0.112676
Under 60,25,7055,865,153,339,0.176879,0.310976,0.103093
Under 60,30,7055,1062,177,315,0.166667,0.359756,0.094742
Under 60,35,7055,1292,192,300,0.148607,0.390244,0.087646
Under 60,40,7055,1555,213,279,0.136977,0.432927,0.082101
Under 60,45,7055,1829,229,263,0.125205,0.465447,0.077923
Under 60,50,7055,2125,245,247,0.115294,0.497967,0.074589
60-79,5,10006,555,133,844,0.23964,0.136131,0.18104
60-79,10,10006,1044,217,760,0.207854,0.222108,0.145588
60-79,15,10006,1506,286,691,0.189907,0.292733,0.125517
60-79,20,10006,2040,352,625,0.172549,0.360287,0.112676
60-79,25,10006,2576,425,552,0.164984,0.435005,0.103093
60-79,30,10006,3158,485,492,0.153578,0.496418,0.094742
60-79,35,10006,3740,539,438,0.144118,0.551689,0.087646
60-79,40,10006,4287,584,393,0.136226,0.597748,0.082101
60-79,45,10006,4863,638,339,0.131195,0.653019,0.077923
60-79,50,10006,5437,673,304,0.123781,0.688843,0.074589
80+,5,3936,309,71,346,0.229773,0.170264,0.18104
80+,10,3936,670,120,297,0.179104,0.28777,0.145588
80+,15,3936,1108,169,248,0.152527,0.405276,0.125517
80+,20,3936,1477,212,205,0.143534,0.508393,0.112676
80+,25,3936,1809,249,168,0.137645,0.597122,0.103093
80+,30,3936,2079,277,140,0.133237,0.664269,0.094742
80+,35,3936,2317,303,114,0.130773,0.726619,0.087646
80+,40,3936,2557,325,92,0.127102,0.779376,0.082101
80+,45,3936,2757,341,76,0.123685,0.817746,0.077923
80+,50,3936,2937,357,60,0.121553,0.856115,0.074589
